Workbook

Sheet Repos to Import
A1: Vercel imports: every repo behind the Learning Series
A2: Import each repo as ONE Vercel project. Root Directory stays EMPTY and there is no build command: all three editions are pre-generated static files served from one deployment. Fill the yellow column as each import finishes and the Course URLs tab updates itself.
A3: GitHub repo | B3: GitHub URL | C3: Vercel project name | D3: Status | E3: Vercel domain (fill in) | F3: Courses served | G3: Notes
A4: AI_Classroom | B4: https://github.com/me5231979/AI_Classroom | C4: ai-classroom | D4: Imported | E4: ai-classroom-one.vercel.app | F4: =COUNTIF('Course URLs'!$E$4:$E$31,$A4) | G4: Default branch was stale; fast-forwarded to main.
A5: Difficult_Conversations | B5: https://github.com/me5231979/Difficult_Conversations | C5: difficult-conversations | D5: Imported | E5: difficult-conversations-henna.vercel.app | F5: =COUNTIF('Course URLs'!$E$4:$E$31,$A5)
A6: Coaching-for-Performance | B6: https://github.com/me5231979/Coaching-for-Performance | C6: coaching-for-performance | D6: To import | F6: =COUNTIF('Course URLs'!$E$4:$E$31,$A6)
A7: Emotional-Intelligence | B7: https://github.com/me5231979/Emotional-Intelligence | C7: emotional-intelligence | D7: To import | F7: =COUNTIF('Course URLs'!$E$4:$E$31,$A7)
A8: Presentation-Public-Speaking | B8: https://github.com/me5231979/Presentation-Public-Speaking | C8: presentation-public-speaking | D8: To import | F8: =COUNTIF('Course URLs'!$E$4:$E$31,$A8)
A9: TeamUp | B9: https://github.com/me5231979/TeamUp | C9: building-brave-teams | D9: To import | F9: =COUNTIF('Course URLs'!$E$4:$E$31,$A9) | G9: Repo is TeamUp; the course is called Building Brave Teams.
A10: Workflow | B10: https://github.com/me5231979/Workflow | C10: workflow-process-redesign | D10: To import | F10: =COUNTIF('Course URLs'!$E$4:$E$31,$A10)
A11: HCM_Education | B11: https://github.com/me5231979/HCM_Education | C11: hcm-essentials | D11: To import | F11: =COUNTIF('Course URLs'!$E$4:$E$31,$A11)
A12: estesstite | B12: https://github.com/me5231979/estesstite | C12: chart-program | D12: To import | F12: =COUNTIF('Course URLs'!$E$4:$E$31,$A12) | G12: Hosts 7 courses under /learn/. Biggest single import after the library.
A13: Course_Library | B13: https://github.com/me5231979/Course_Library | C13: course-library | D13: To import | F13: =COUNTIF('Course URLs'!$E$4:$E$31,$A13) | G13: The catalog itself PLUS 13 courses hosted inside it. Import this one.
A14: AI-Advanced | B14: https://github.com/me5231979/AI-Advanced | C14: ai-advanced | D14: Optional | F14: =COUNTIF('Course URLs'!$E$4:$E$31,$A14) | G14: AI 201. Live, but no longer carded on the library page.
A15: TOTAL | F15: =SUM(F4:F14) | G15: Courses currently carded on the library page.
A17: Legend
A18: Yellow = you fill this in
A19: Example format: ai-classroom-one.vercel.app (no https://, no trailing slash)
A20: Vercel assigns a random suffix because plain names are taken globally. A custom domain is the fix.

Sheet Course URLs
A1: Every course, every edition
A2: Columns F to I are live today on GitHub Pages. Columns J to L build themselves from the Vercel domain you enter on the Repos tab, and stay blank until you do.
A3: Course | B3: Program | C3: Library filter | D3: Length | E3: Repo | F3: Classroom (live) | G3: Self-paced (live) | H3: Facilitator (live) | I3: Syllabus (live) | J3: Classroom (Vercel) | K3: Self-paced (Vercel) | L3: Facilitator (Vercel)
A4: Coaching for Performance | B4: Manager Voyage | C4: leadership | D4: Classroom 90 min · Self-paced ~45 min | E4: Coaching-for-Performance | F4: https://me5231979.github.io/Coaching-for-Performance/ | G4: https://me5231979.github.io/Coaching-for-Performance/web/ | H4: https://me5231979.github.io/Coaching-for-Performance/facilitator/ | I4: https://me5231979.github.io/Course_Library/syllabus-coaching-for-performance.html | J4: =IFERROR(IF(OR(INDEX('Repos to Import'!$E$4:$E$14,MATCH($E4,'Repos to Import'!$A$4:$A$14,0))="",F4=""),"",SUBSTITUTE(F4,"https://me5231979.github.io/"&$E4&"/","https://"&INDEX('Repos to Import'!$E$4:$E$14,MATCH($E4,'Repos to Import'!$A$4:$A$14,0))&"/")),"") | K4: =IFERROR(IF(OR(INDEX('Repos to Import'!$E$4:$E$14,MATCH($E4,'Repos to Import'!$A$4:$A$14,0))="",G4=""),"",SUBSTITUTE(G4,"https://me5231979.github.io/"&$E4&"/","https://"&INDEX('Repos to Import'!$E$4:$E$14,MATCH($E4,'Repos to Import'!$A$4:$A$14,0))&"/")),"") | L4: =IFERROR(IF(OR(INDEX('Repos to Import'!$E$4:$E$14,MATCH($E4,'Repos to Import'!$A$4:$A$14,0))="",H4=""),"",SUBSTITUTE(H4,"https://me5231979.github.io/"&$E4&"/","https://"&INDEX('Repos to Import'!$E$4:$E$14,MATCH($E4,'Repos to Import'!$A$4:$A$14,0))&"/")),"")
A5: Change That Sticks | B5: Manager Voyage | C5: ai leadership | D5: Classroom 90 min · Self-paced ~45 min | E5: Course_Library | F5: https://me5231979.github.io/Course_Library/courses/Change-Leadership-for-AI/ | G5: https://me5231979.github.io/Course_Library/courses/Change-Leadership-for-AI/web/ | H5: https://me5231979.github.io/Course_Library/courses/Change-Leadership-for-AI/facilitator/ | I5: https://me5231979.github.io/Course_Library/syllabus-change-leadership-for-ai.html | J5: =IFERROR(IF(OR(INDEX('Repos to Import'!$E$4:$E$14,MATCH($E5,'Repos to Import'!$A$4:$A$14,0))="",F5=""),"",SUBSTITUTE(F5,"https://me5231979.github.io/"&$E5&"/","https://"&INDEX('Repos to Import'!$E$4:$E$14,MATCH($E5,'Repos to Import'!$A$4:$A$14,0))&"/")),"") | K5: =IFERROR(IF(OR(INDEX('Repos to Import'!$E$4:$E$14,MATCH($E5,'Repos to Import'!$A$4:$A$14,0))="",G5=""),"",SUBSTITUTE(G5,"https://me5231979.github.io/"&$E5&"/","https://"&INDEX('Repos to Import'!$E$4:$E$14,MATCH($E5,'Repos to Import'!$A$4:$A$14,0))&"/")),"") | L5: =IFERROR(IF(OR(INDEX('Repos to Import'!$E$4:$E$14,MATCH($E5,'Repos to Import'!$A$4:$A$14,0))="",H5=""),"",SUBSTITUTE(H5,"https://me5231979.github.io/"&$E5&"/","https://"&INDEX('Repos to Import'!$E$4:$E$14,MATCH($E5,'Repos to Import'!$A$4:$A$14,0))&"/")),"")
A6: Delegating, Rethought | B6: Manager Voyage | C6: ai leadership | D6: Classroom 90 min · Self-paced ~45 min | E6: Course_Library | F6: https://me5231979.github.io/Course_Library/courses/Delegating-with-AI/ | G6: https://me5231979.github.io/Course_Library/courses/Delegating-with-AI/web/ | H6: https://me5231979.github.io/Course_Library/courses/Delegating-with-AI/facilitator/ | I6: https://me5231979.github.io/Course_Library/syllabus-delegating-with-ai.html | J6: =IFERROR(IF(OR(INDEX('Repos to Import'!$E$4:$E$14,MATCH($E6,'Repos to Import'!$A$4:$A$14,0))="",F6=""),"",SUBSTITUTE(F6,"https://me5231979.github.io/"&$E6&"/","https://"&INDEX('Repos to Import'!$E$4:$E$14,MATCH($E6,'Repos to Import'!$A$4:$A$14,0))&"/")),"") | K6: =IFERROR(IF(OR(INDEX('Repos to Import'!$E$4:$E$14,MATCH($E6,'Repos to Import'!$A$4:$A$14,0))="",G6=""),"",SUBSTITUTE(G6,"https://me5231979.github.io/"&$E6&"/","https://"&INDEX('Repos to Import'!$E$4:$E$14,MATCH($E6,'Repos to Import'!$A$4:$A$14,0))&"/")),"") | L6: =IFERROR(IF(OR(INDEX('Repos to Import'!$E$4:$E$14,MATCH($E6,'Repos to Import'!$A$4:$A$14,0))="",H6=""),"",SUBSTITUTE(H6,"https://me5231979.github.io/"&$E6&"/","https://"&INDEX('Repos to Import'!$E$4:$E$14,MATCH($E6,'Repos to Import'!$A$4:$A$14,0))&"/")),"")
A7: Feedback, Ready | B7: Manager Voyage | C7: ai leadership | D7: Classroom 40 min · Self-paced ~15 min | E7: Course_Library | F7: https://me5231979.github.io/Course_Library/ai-coaching-feedback/ | G7: https://me5231979.github.io/Course_Library/ai-coaching-feedback/web/ | H7: https://me5231979.github.io/Course_Library/ai-coaching-feedback/facilitator/ | I7: https://me5231979.github.io/Course_Library/syllabus-ai-coaching-feedback.html | J7: =IFERROR(IF(OR(INDEX('Repos to Import'!$E$4:$E$14,MATCH($E7,'Repos to Import'!$A$4:$A$14,0))="",F7=""),"",SUBSTITUTE(F7,"https://me5231979.github.io/"&$E7&"/","https://"&INDEX('Repos to Import'!$E$4:$E$14,MATCH($E7,'Repos to Import'!$A$4:$A$14,0))&"/")),"") | K7: =IFERROR(IF(OR(INDEX('Repos to Import'!$E$4:$E$14,MATCH($E7,'Repos to Import'!$A$4:$A$14,0))="",G7=""),"",SUBSTITUTE(G7,"https://me5231979.github.io/"&$E7&"/","https://"&INDEX('Repos to Import'!$E$4:$E$14,MATCH($E7,'Repos to Import'!$A$4:$A$14,0))&"/")),"") | L7: =IFERROR(IF(OR(INDEX('Repos to Import'!$E$4:$E$14,MATCH($E7,'Repos to Import'!$A$4:$A$14,0))="",H7=""),"",SUBSTITUTE(H7,"https://me5231979.github.io/"&$E7&"/","https://"&INDEX('Repos to Import'!$E$4:$E$14,MATCH($E7,'Repos to Import'!$A$4:$A$14,0))&"/")),"")
A8: Hiring, Human | B8: Manager Voyage | C8: ai leadership | D8: Classroom 90 min · Self-paced ~45 min | E8: Course_Library | F8: https://me5231979.github.io/Course_Library/courses/Hiring-with-AI/ | G8: https://me5231979.github.io/Course_Library/courses/Hiring-with-AI/web/ | H8: https://me5231979.github.io/Course_Library/courses/Hiring-with-AI/facilitator/ | I8: https://me5231979.github.io/Course_Library/syllabus-hiring-with-ai.html | J8: =IFERROR(IF(OR(INDEX('Repos to Import'!$E$4:$E$14,MATCH($E8,'Repos to Import'!$A$4:$A$14,0))="",F8=""),"",SUBSTITUTE(F8,"https://me5231979.github.io/"&$E8&"/","https://"&INDEX('Repos to Import'!$E$4:$E$14,MATCH($E8,'Repos to Import'!$A$4:$A$14,0))&"/")),"") | K8: =IFERROR(IF(OR(INDEX('Repos to Import'!$E$4:$E$14,MATCH($E8,'Repos to Import'!$A$4:$A$14,0))="",G8=""),"",SUBSTITUTE(G8,"https://me5231979.github.io/"&$E8&"/","https://"&INDEX('Repos to Import'!$E$4:$E$14,MATCH($E8,'Repos to Import'!$A$4:$A$14,0))&"/")),"") | L8: =IFERROR(IF(OR(INDEX('Repos to Import'!$E$4:$E$14,MATCH($E8,'Repos to Import'!$A$4:$A$14,0))="",H8=""),"",SUBSTITUTE(H8,"https://me5231979.github.io/"&$E8&"/","https://"&INDEX('Repos to Import'!$E$4:$E$14,MATCH($E8,'Repos to Import'!$A$4:$A$14,0))&"/")),"")
A9: Leading the Shift | B9: Manager Voyage | C9: ai leadership | D9: Classroom 40 min · Self-paced ~15 min | E9: Course_Library | F9: https://me5231979.github.io/Course_Library/leading-ai-adoption/ | G9: https://me5231979.github.io/Course_Library/leading-ai-adoption/web/ | H9: https://me5231979.github.io/Course_Library/leading-ai-adoption/facilitator/ | I9: https://me5231979.github.io/Course_Library/syllabus-leading-ai-adoption.html | J9: =IFERROR(IF(OR(INDEX('Repos to Import'!$E$4:$E$14,MATCH($E9,'Repos to Import'!$A$4:$A$14,0))="",F9=""),"",SUBSTITUTE(F9,"https://me5231979.github.io/"&$E9&"/","https://"&INDEX('Repos to Import'!$E$4:$E$14,MATCH($E9,'Repos to Import'!$A$4:$A$14,0))&"/")),"") | K9: =IFERROR(IF(OR(INDEX('Repos to Import'!$E$4:$E$14,MATCH($E9,'Repos to Import'!$A$4:$A$14,0))="",G9=""),"",SUBSTITUTE(G9,"https://me5231979.github.io/"&$E9&"/","https://"&INDEX('Repos to Import'!$E$4:$E$14,MATCH($E9,'Repos to Import'!$A$4:$A$14,0))&"/")),"") | L9: =IFERROR(IF(OR(INDEX('Repos to Import'!$E$4:$E$14,MATCH($E9,'Repos to Import'!$A$4:$A$14,0))="",H9=""),"",SUBSTITUTE(H9,"https://me5231979.github.io/"&$E9&"/","https://"&INDEX('Repos to Import'!$E$4:$E$14,MATCH($E9,'Repos to Import'!$A$4:$A$14,0))&"/")),"")
A10: Making It Normal | B10: Manager Voyage | C10: ai leadership | D10: Classroom 90 min · Self-paced ~45 min | E10: Course_Library | F10: https://me5231979.github.io/Course_Library/courses/Leading-AI-Adoption/ | G10: https://me5231979.github.io/Course_Library/courses/Leading-AI-Adoption/web/ | H10: https://me5231979.github.io/Course_Library/courses/Leading-AI-Adoption/facilitator/ | I10: https://me5231979.github.io/Course_Library/syllabus-making-ai-normal.html | J10: =IFERROR(IF(OR(INDEX('Repos to Import'!$E$4:$E$14,MATCH($E10,'Repos to Import'!$A$4:$A$14,0))="",F10=""),"",SUBSTITUTE(F10,"https://me5231979.github.io/"&$E10&"/","https://"&INDEX('Repos to Import'!$E$4:$E$14,MATCH($E10,'Repos to Import'!$A$4:$A$14,0))&"/")),"") | K10: =IFERROR(IF(OR(INDEX('Repos to Import'!$E$4:$E$14,MATCH($E10,'Repos to Import'!$A$4:$A$14,0))="",G10=""),"",SUBSTITUTE(G10,"https://me5231979.github.io/"&$E10&"/","https://"&INDEX('Repos to Import'!$E$4:$E$14,MATCH($E10,'Repos to Import'!$A$4:$A$14,0))&"/")),"") | L10: =IFERROR(IF(OR(INDEX('Repos to Import'!$E$4:$E$14,MATCH($E10,'Repos to Import'!$A$4:$A$14,0))="",H10=""),"",SUBSTITUTE(H10,"https://me5231979.github.io/"&$E10&"/","https://"&INDEX('Repos to Import'!$E$4:$E$14,MATCH($E10,'Repos to Import'!$A$4:$A$14,0))&"/")),"")
A11: People Data, Safely | B11: Manager Voyage | C11: ai leadership | D11: Classroom 90 min · Self-paced ~45 min | E11: Course_Library | F11: https://me5231979.github.io/Course_Library/courses/People-Data-with-AI/ | G11: https://me5231979.github.io/Course_Library/courses/People-Data-with-AI/web/ | H11: https://me5231979.github.io/Course_Library/courses/People-Data-with-AI/facilitator/ | I11: https://me5231979.github.io/Course_Library/syllabus-people-data-with-ai.html | J11: =IFERROR(IF(OR(INDEX('Repos to Import'!$E$4:$E$14,MATCH($E11,'Repos to Import'!$A$4:$A$14,0))="",F11=""),"",SUBSTITUTE(F11,"https://me5231979.github.io/"&$E11&"/","https://"&INDEX('Repos to Import'!$E$4:$E$14,MATCH($E11,'Repos to Import'!$A$4:$A$14,0))&"/")),"") | K11: =IFERROR(IF(OR(INDEX('Repos to Import'!$E$4:$E$14,MATCH($E11,'Repos to Import'!$A$4:$A$14,0))="",G11=""),"",SUBSTITUTE(G11,"https://me5231979.github.io/"&$E11&"/","https://"&INDEX('Repos to Import'!$E$4:$E$14,MATCH($E11,'Repos to Import'!$A$4:$A$14,0))&"/")),"") | L11: =IFERROR(IF(OR(INDEX('Repos to Import'!$E$4:$E$14,MATCH($E11,'Repos to Import'!$A$4:$A$14,0))="",H11=""),"",SUBSTITUTE(H11,"https://me5231979.github.io/"&$E11&"/","https://"&INDEX('Repos to Import'!$E$4:$E$14,MATCH($E11,'Repos to Import'!$A$4:$A$14,0))&"/")),"")
A12: Talent Calls, Sharper | B12: Manager Voyage | C12: ai leadership | D12: Classroom 40 min · Self-paced ~15 min | E12: Course_Library | F12: https://me5231979.github.io/Course_Library/ai-talent-decisions/ | G12: https://me5231979.github.io/Course_Library/ai-talent-decisions/web/ | H12: https://me5231979.github.io/Course_Library/ai-talent-decisions/facilitator/ | I12: https://me5231979.github.io/Course_Library/syllabus-ai-talent-decisions.html | J12: =IFERROR(IF(OR(INDEX('Repos to Import'!$E$4:$E$14,MATCH($E12,'Repos to Import'!$A$4:$A$14,0))="",F12=""),"",SUBSTITUTE(F12,"https://me5231979.github.io/"&$E12&"/","https://"&INDEX('Repos to Import'!$E$4:$E$14,MATCH($E12,'Repos to Import'!$A$4:$A$14,0))&"/")),"") | K12: =IFERROR(IF(OR(INDEX('Repos to Import'!$E$4:$E$14,MATCH($E12,'Repos to Import'!$A$4:$A$14,0))="",G12=""),"",SUBSTITUTE(G12,"https://me5231979.github.io/"&$E12&"/","https://"&INDEX('Repos to Import'!$E$4:$E$14,MATCH($E12,'Repos to Import'!$A$4:$A$14,0))&"/")),"") | L12: =IFERROR(IF(OR(INDEX('Repos to Import'!$E$4:$E$14,MATCH($E12,'Repos to Import'!$A$4:$A$14,0))="",H12=""),"",SUBSTITUTE(H12,"https://me5231979.github.io/"&$E12&"/","https://"&INDEX('Repos to Import'!$E$4:$E$14,MATCH($E12,'Repos to Import'!$A$4:$A$14,0))&"/")),"")
A13: Navigating Difficult Conversations | B13: Manager Voyage | C13: communication leadership | D13: Classroom 90 min · Self-paced ~45 min | E13: Difficult_Conversations | F13: https://me5231979.github.io/Difficult_Conversations/ | G13: https://me5231979.github.io/Difficult_Conversations/web/ | H13: https://me5231979.github.io/Difficult_Conversations/facilitator/ | I13: https://me5231979.github.io/Course_Library/syllabus-difficult-conversations.html | J13: =IFERROR(IF(OR(INDEX('Repos to Import'!$E$4:$E$14,MATCH($E13,'Repos to Import'!$A$4:$A$14,0))="",F13=""),"",SUBSTITUTE(F13,"https://me5231979.github.io/"&$E13&"/","https://"&INDEX('Repos to Import'!$E$4:$E$14,MATCH($E13,'Repos to Import'!$A$4:$A$14,0))&"/")),"") | K13: =IFERROR(IF(OR(INDEX('Repos to Import'!$E$4:$E$14,MATCH($E13,'Repos to Import'!$A$4:$A$14,0))="",G13=""),"",SUBSTITUTE(G13,"https://me5231979.github.io/"&$E13&"/","https://"&INDEX('Repos to Import'!$E$4:$E$14,MATCH($E13,'Repos to Import'!$A$4:$A$14,0))&"/")),"") | L13: =IFERROR(IF(OR(INDEX('Repos to Import'!$E$4:$E$14,MATCH($E13,'Repos to Import'!$A$4:$A$14,0))="",H13=""),"",SUBSTITUTE(H13,"https://me5231979.github.io/"&$E13&"/","https://"&INDEX('Repos to Import'!$E$4:$E$14,MATCH($E13,'Repos to Import'!$A$4:$A$14,0))&"/")),"")
A14: Emotional Intelligence & Interpersonal Skills | B14: Manager Voyage | C14: communication leadership | D14: Classroom 90 min · Self-paced ~45 min | E14: Emotional-Intelligence | F14: https://me5231979.github.io/Emotional-Intelligence/ | G14: https://me5231979.github.io/Emotional-Intelligence/web/ | H14: https://me5231979.github.io/Emotional-Intelligence/facilitator/ | I14: https://me5231979.github.io/Course_Library/syllabus-emotional-intelligence.html | J14: =IFERROR(IF(OR(INDEX('Repos to Import'!$E$4:$E$14,MATCH($E14,'Repos to Import'!$A$4:$A$14,0))="",F14=""),"",SUBSTITUTE(F14,"https://me5231979.github.io/"&$E14&"/","https://"&INDEX('Repos to Import'!$E$4:$E$14,MATCH($E14,'Repos to Import'!$A$4:$A$14,0))&"/")),"") | K14: =IFERROR(IF(OR(INDEX('Repos to Import'!$E$4:$E$14,MATCH($E14,'Repos to Import'!$A$4:$A$14,0))="",G14=""),"",SUBSTITUTE(G14,"https://me5231979.github.io/"&$E14&"/","https://"&INDEX('Repos to Import'!$E$4:$E$14,MATCH($E14,'Repos to Import'!$A$4:$A$14,0))&"/")),"") | L14: =IFERROR(IF(OR(INDEX('Repos to Import'!$E$4:$E$14,MATCH($E14,'Repos to Import'!$A$4:$A$14,0))="",H14=""),"",SUBSTITUTE(H14,"https://me5231979.github.io/"&$E14&"/","https://"&INDEX('Repos to Import'!$E$4:$E$14,MATCH($E14,'Repos to Import'!$A$4:$A$14,0))&"/")),"")
A15: Presentation & Public Speaking | B15: Manager Voyage | C15: communication leadership | D15: Classroom 90 min · Self-paced ~45 min | E15: Presentation-Public-Speaking | F15: https://me5231979.github.io/Presentation-Public-Speaking/ | G15: https://me5231979.github.io/Presentation-Public-Speaking/web/ | H15: https://me5231979.github.io/Presentation-Public-Speaking/facilitator/ | I15: https://me5231979.github.io/Course_Library/syllabus-presentation-public-speaking.html | J15: =IFERROR(IF(OR(INDEX('Repos to Import'!$E$4:$E$14,MATCH($E15,'Repos to Import'!$A$4:$A$14,0))="",F15=""),"",SUBSTITUTE(F15,"https://me5231979.github.io/"&$E15&"/","https://"&INDEX('Repos to Import'!$E$4:$E$14,MATCH($E15,'Repos to Import'!$A$4:$A$14,0))&"/")),"") | K15: =IFERROR(IF(OR(INDEX('Repos to Import'!$E$4:$E$14,MATCH($E15,'Repos to Import'!$A$4:$A$14,0))="",G15=""),"",SUBSTITUTE(G15,"https://me5231979.github.io/"&$E15&"/","https://"&INDEX('Repos to Import'!$E$4:$E$14,MATCH($E15,'Repos to Import'!$A$4:$A$14,0))&"/")),"") | L15: =IFERROR(IF(OR(INDEX('Repos to Import'!$E$4:$E$14,MATCH($E15,'Repos to Import'!$A$4:$A$14,0))="",H15=""),"",SUBSTITUTE(H15,"https://me5231979.github.io/"&$E15&"/","https://"&INDEX('Repos to Import'!$E$4:$E$14,MATCH($E15,'Repos to Import'!$A$4:$A$14,0))&"/")),"")
... A31: Building Brave Teams | B31: Standalone | C31: communication leadership | D31: Classroom 120 min · Self-paced ~60 min | E31: TeamUp | F31: https://me5231979.github.io/TeamUp/ | G31: https://me5231979.github.io/TeamUp/web/ | H31: https://me5231979.github.io/TeamUp/facilitator/ | I31: https://me5231979.github.io/Course_Library/syllabus-building-brave-teams.html | J31: =IFERROR(IF(OR(INDEX('Repos to Import'!$E$4:$E$14,MATCH($E31,'Repos to Import'!$A$4:$A$14,0))="",F31=""),"",SUBSTITUTE(F31,"https://me5231979.github.io/"&$E31&"/","https://"&INDEX('Repos to Import'!$E$4:$E$14,MATCH($E31,'Repos to Import'!$A$4:$A$14,0))&"/")),"") | K31: =IFERROR(IF(OR(INDEX('Repos to Import'!$E$4:$E$14,MATCH($E31,'Repos to Import'!$A$4:$A$14,0))="",G31=""),"",SUBSTITUTE(G31,"https://me5231979.github.io/"&$E31&"/","https://"&INDEX('Repos to Import'!$E$4:$E$14,MATCH($E31,'Repos to Import'!$A$4:$A$14,0))&"/")),"") | L31: =IFERROR(IF(OR(INDEX('Repos to Import'!$E$4:$E$14,MATCH($E31,'Repos to Import'!$A$4:$A$14,0))="",H31=""),"",SUBSTITUTE(H31,"https://me5231979.github.io/"&$E31&"/","https://"&INDEX('Repos to Import'!$E$4:$E$14,MATCH($E31,'Repos to Import'!$A$4:$A$14,0))&"/")),"")

Sheet Setup Checklist
A1: Importing and running these sites
A4: ONE-COMMAND IMPORT
A5: 1 | B5: Make a token | C5: Vercel > Account Settings > Tokens. Scope it to the FLH team.
A6: 2 | B6: Run the script | C6: export VERCEL_TOKEN=... then python3 tools/vercel-import.py
C7: Lives in Course_Library/tools/. Safe to re-run: existing projects are skipped.
C8: Add --dry-run first to see the plan without touching anything.
A10: OR IMPORT BY HAND
A11: 1 | B11: Add New > Project | C11: Pick the repo from the list on the Repos tab.
A12: 2 | B12: Framework Preset | C12: Other
A13: 3 | B13: Root Directory | C13: LEAVE EMPTY. This is what serves all three editions from one project.
A14: 4 | B14: Build & Output | C14: No build command, no output directory. The files are pre-generated.
A15: 5 | B15: Deploy | C15: Then copy the assigned domain into the yellow column on the Repos tab.
A17: CHECK ON EVERY PROJECT
A18: a | B18: Production Branch | C18: Settings > Git. Must be main.
A19: b | B19: Deployment Protection | C19: Settings > Deployment Protection > Vercel Authentication =
C20: 'Only Preview Deployments'. Otherwise learners scanning a QR code hit a login wall.
A21: c | B21: Open it in a private window | C21: The real test. If it asks you to sign in, fix (b).
A23: PAGE PATHS ON EVERY COURSE
A24: / | B24: Classroom edition | C24: Projected in the room. Opens on the welcome QR slide.
A25: /web/ | B25: Self-paced edition | C25: Same course minus the group prompts.
A26: /facilitator/ | B26: Facilitator edition | C26: Script rail on every slide, prep page first.
A27: /facilitator/guide.html | B27: Printable guide | C27: Slide image beside the notes, built for paper.
A28: /cheatsheet.html | B28: Cheat sheet | C28: Learner take-home.
A29: /worksheet.html | B29: Worksheet | C29: Learner take-home.
C30: The Visit button only opens '/'. Type the rest onto the end of the domain.
A32: STILL TO DO AFTER THE IMPORTS
B33: URL sweep | C33: Facilitator QR codes and library links still point at github.io. One pass fixes them all once domains are settled.
B34: Custom domain | C34: Vercel's free names get random suffixes because the good ones are taken globally. Your own domain is the permanent fix, and it makes printed QR codes safe forever.
B35: Make repos private | C35: Safe once Vercel serves the sites. GitHub Pages cannot do private; Vercel can.
